{
  "Atlanta": [
    -84.389854,
    33.7508
  ],
  "Austin": [
    -97.742805,
    30.268072
  ],
  "Baltimore": [
    -76.6123,
    39.289642
  ],
  "Boston": [
    -71.0568,
    42.35888
  ],
  "Buffalo": [
    -78.87865,
    42.88679
  ],
  "Charlotte": [
    -80.84309,
    35.227207
  ],
  "Chicago": [
    -87.63236,
    41.881954
  ],
  "Cincinnati": [
    -84.5133,
    39.10244
  ],
  "Cleveland": [
    -81.690315,
    41.501377
  ],
  "Columbus": [
    -83.00064,
    39.96223
  ],
  "Dallas": [
    -96.79976,
    32.781338
  ],
  "Denver": [
    -104.98611,
    39.74168
  ],
  "Detroit": [
    -83.04622,
    42.331398
  ],
  "Houston": [
    -95.363434,
    29.760496
  ],
  "Indianapolis": [
    -86.16166,
    39.7686
  ],
  "Jacksonville": [
    -81.65535,
    30.326471
  ],
  "Louisville": [
    -85.758804,
    38.253246
  ],
  "Memphis": [
    -90.04957,
    35.149845
  ],
  "Miami": [
    -80.1919,
    25.773357
  ],
  "Milwaukee": [
    -87.90655,
    43.038773
  ],
  "Minneapolis": [
    -93.2661,
    44.976105
  ],
  "Nashville": [
    -86.781075,
    36.164516
  ],
  "Oakland": [
    -122.27058,
    37.805305
  ],
  "Orlando": [
    -81.379036,
    28.54211
  ],
  "Philadelphia": [
    -75.166855,
    39.952755
  ],
  "Phoenix": [
    -112.075096,
    33.44823
  ],
  "Pittsburgh": [
    -79.99676,
    40.439377
  ],
  "Portland": [
    -122.67837,
    45.515198
  ],
  "Sacramento": [
    -121.493933,
    38.581021
  ],
  "Seattle": [
    -122.330284,
    47.603245
  ],
  "Tampa": [
    -82.4571,
    27.947973
  ],
  "Tucson": [
    -110.973305,
    32.2213
  ],
  "Albuquerque": [
    -106.650945,
    35.088192
  ],
  "Anchorage": [
    -149.89345,
    61.216564
  ],
  "Anaheim": [
    -117.91319,
    33.833336
  ],
  "Arlington": [
    -97.10711,
    32.735622
  ],
  "Aurora": [
    -104.830666,
    39.74033
  ],
  "Bakersfield": [
    -119.01893,
    35.374336
  ],
  "Birmingham": [
    -86.80908,
    33.522217
  ],
  "Boise": [
    -116.202324,
    43.615044
  ],
  "Chandler": [
    -111.84142,
    33.30232
  ],
  "Chesapeake": [
    -76.250374,
    36.71464
  ],
  "Chula Vista": [
    -117.07996,
    32.641277
  ],
  "Corpus Christi": [
    -97.403291,
    27.763557
  ],
  "Durham": [
    -78.90064,
    35.99504
  ],
  "Erie": [
    -80.08496,
    42.12903
  ],
  "Fargo": [
    -96.78769,
    46.876938
  ],
  "Fresno": [
    -119.78708,
    36.73608
  ],
  "Garland": [
    -96.6365,
    32.91267
  ],
  "Gilbert": [
    -111.78969,
    33.355743
  ],
  "Glendale": [
    -112.18516,
    33.538563
  ],
  "Henderson": [
    -114.97999,
    36.02974
  ],
  "Hialeah": [
    -80.278694,
    25.857761
  ],
  "Honolulu": [
    -157.86154,
    21.308498
  ],
  "Irving": [
    -96.94413,
    32.82938
  ],
  "Jersey City": [
    -74.047455,
    40.72157
  ],
  "Knoxville": [
    -83.91625,
    35.96176
  ],
  "Laredo": [
    -99.507568,
    27.502862
  ],
  "Lexington": [
    -84.49801,
    38.04569
  ],
  "Lincoln": [
    -96.70119,
    40.809193
  ],
  "Lubbock": [
    -101.846803,
    33.585531
  ],
  "Madison": [
    -89.38219,
    43.073196
  ],
  "Mesa": [
    -111.83148,
    33.4152
  ],
  "Montgomery": [
    -86.30203,
    32.367405
  ],
  "Newark": [
    -74.1735,
    40.733185
  ],
  "Norfolk": [
    -76.29294,
    36.848183
  ],
  "Omaha": [
    -95.940956,
    41.25657
  ],
  "Plano": [
    -96.699234,
    33.019676
  ],
  "Raleigh": [
    -78.638145,
    35.779556
  ],
  "Reno": [
    -119.81292,
    39.52578
  ],
  "Richmond": [
    -77.43465,
    37.53587
  ],
  "Rochester": [
    -77.61253,
    43.155716
  ],
  "Salem": [
    -123.036674,
    44.94069
  ],
  "Scottsdale": [
    -111.92618,
    33.496822
  ],
  "Shreveport": [
    -93.755346,
    32.470182
  ],
  "Spokane": [
    -117.42503,
    47.659016
  ],
  "Springfield": [
    -93.29249,
    37.208836
  ],
  "Stockton": [
    -121.2884,
    37.952866
  ],
  "Syracuse": [
    -76.147484,
    43.047024
  ],
  "Tacoma": [
    -122.442,
    47.255127
  ],
  "Toledo": [
    -83.535706,
    41.65534
  ],
  "Tulsa": [
    -95.989395,
    36.15286
  ],
  "Waco": [
    -97.147064,
    31.54915
  ],
  "Wichita": [
    -97.33821,
    37.69346
  ],
  "Winston-Salem": [
    -80.24491,
    36.098408
  ],
  "Boulder": [
    -105.27869,
    40.01816
  ],
  "Burlington": [
    -73.214005,
    44.475883
  ],
  "Cambridge": [
    -71.104,
    42.36559
  ],
  "Eugene": [
    -123.09169,
    44.051147
  ],
  "Evansville": [
    -87.5707,
    37.972965
  ],
  "Flint": [
    -83.687874,
    43.012554
  ],
  "Gainesville": [
    -82.32501,
    29.651949
  ],
  "Hartford": [
    -72.67589,
    41.763817
  ],
  "Hollywood": [
    -80.14698,
    26.011389
  ],
  "Huntsville": [
    -86.585304,
    34.729538
  ],
  "Jackson": [
    -90.18406,
    32.29969
  ],
  "Lansing": [
    -84.55388,
    42.73462
  ],
  "Providence": [
    -71.41099,
    41.823097
  ]
}