{
  "Atlanta": [
    -84.389854,
    33.7508
  ],
  "Austin": [
    -118.482574,
    34.01254
  ],
  "Baltimore": [
    -76.6123,
    39.289642
  ],
  "Boston": [
    -71.0568,
    42.35888
  ],
  "Buffalo": [
    -118.673668,
    34.292375
  ],
  "Charlotte": [
    -118.603732,
    34.210081
  ],
  "Chicago": [
    -87.63236,
    41.881954
  ],
  "Cincinnati": [
    -84.5133,
    39.10244
  ],
  "Cleveland": [
    -118.553567,
    34.218361
  ],
  "Columbus": [
    -118.532243,
    34.164096
  ],
  "Dallas": [
    -96.79976,
    32.781338
  ],
  "Denver": [
    -118.852517,
    34.127824
  ],
  "Detroit": [
    -83.04622,
    42.331398
  ],
  "Houston": [
    -95.363434,
    29.760496
  ],
  "Indianapolis": [
    -86.16166,
    39.7686
  ],
  "Jacksonville": [
    -81.65535,
    30.326471
  ],
  "Louisville": [
    -85.758804,
    38.253246
  ],
  "Memphis": [
    -118.453157,
    34.290463
  ],
  "Miami": [
    -80.1919,
    25.773357
  ],
  "Milwaukee": [
    -87.90655,
    43.038773
  ],
  "Minneapolis": [
    -93.2661,
    44.976105
  ],
  "Nashville": [
    -118.586857,
    34.269053
  ],
  "Oakland": [
    -122.27058,
    37.805305
  ],
  "Orlando": [
    -81.379036,
    28.54211
  ],
  "Philadelphia": [
    -75.166855,
    39.952755
  ],
  "Phoenix": [
    -112.075096,
    33.44823
  ],
  "Pittsburgh": [
    -79.99676,
    40.439377
  ],
  "Portland": [
    -122.67837,
    45.515198
  ],
  "Sacramento": [
    -121.493933,
    38.581021
  ],
  "Seattle": [
    -122.330284,
    47.603245
  ],
  "Tampa": [
    -118.553574,
    34.229783
  ],
  "Tucson": [
    -118.716671,
    34.295039
  ],
  "Albuquerque": [
    -106.650945,
    35.088192
  ],
  "Anchorage": [
    -118.711504,
    34.290501
  ],
  "Anaheim": [
    -117.91319,
    33.833336
  ],
  "Arlington": [
    -118.33982,
    34.039837
  ],
  "Aurora": [
    -118.694479,
    34.280025
  ],
  "Bakersfield": [
    -119.01893,
    35.374336
  ],
  "Birmingham": [
    -118.505437,
    34.186638
  ],
  "Boise": [
    -118.43772,
    34.004204
  ],
  "Chandler": [
    -118.316505,
    34.17352
  ],
  "Chesapeake": [
    -76.250374,
    36.71464
  ],
  "Chula": [
    -117.07996,
    32.641277
  ],
  "Corpus": [
    -118.698793,
    34.293751
  ],
  "Durham": [
    -118.436811,
    34.136044
  ],
  "Erie": [
    -118.791472,
    34.107748
  ],
  "Fargo": [
    -118.890046,
    34.212634
  ],
  "Fresno": [
    -119.78708,
    36.73608
  ],
  "Garland": [
    -96.6365,
    32.91267
  ],
  "Gilbert": [
    -111.78969,
    33.355743
  ],
  "Glendale": [
    -118.254944,
    34.14629
  ],
  "Henderson": [
    -114.97999,
    36.02974
  ],
  "Hialeah": [
    -118.624598,
    34.279409
  ],
  "Honolulu": [
    -118.673787,
    34.097774
  ],
  "Irving": [
    -118.864848,
    34.180582
  ],
  "Jersey": [
    -118.61138,
    34.18369
  ],
  "Knoxville": [
    -83.91625,
    35.96176
  ],
  "Laredo": [
    -118.714108,
    34.287917
  ],
  "Lexington": [
    -118.123102,
    34.169054
  ],
  "Lincoln": [
    -118.283844,
    34.08346
  ],
  "Lubbock": [
    -118.706415,
    34.288445
  ],
  "Madison": [
    -118.145787,
    34.127549
  ],
  "Mesa": [
    -118.652959,
    34.241059
  ],
  "Montgomery": [
    -118.63999,
    34.238744
  ],
  "Newark": [
    -122.040886,
    37.52917
  ],
  "Norfolk": [
    1.292963,
    52.62974
  ],
  "Omaha": [
    -95.940956,
    41.25657
  ],
  "Plano": [
    -96.699234,
    33.019676
  ],
  "Raleigh": [
    -118.573315,
    34.291607
  ],
  "Reno": [
    -119.81292,
    39.52578
  ],
  "Richmond": [
    -118.689116,
    34.164706
  ],
  "Rochester": [
    -118.53123,
    34.1457
  ],
  "Salem": [
    -118.583766,
    34.275121
  ],
  "Scottsdale": [
    -111.92618,
    33.496822
  ],
  "Shreveport": [
    -93.755346,
    32.470182
  ],
  "Spokane": [
    -118.369003,
    34.027239
  ],
  "Springfield": [
    -118.546296,
    34.266936
  ],
  "Stockton": [
    -121.2884,
    37.952866
  ],
  "Syracuse": [
    -76.147484,
    43.047024
  ],
  "Tacoma": [
    -122.442,
    47.255127
  ],
  "Toledo": [
    -4.024585,
    39.85674
  ],
  "Tulsa": [
    -118.60858,
    34.266272
  ],
  "Waco": [
    -118.707443,
    34.293997
  ],
  "Wichita": [
    -118.69983,
    34.296643
  ],
  "Winston": [
    -118.830863,
    34.151471
  ],
  "Boulder": [
    -118.633196,
    34.261182
  ],
  "Burlington": [
    -79.7983,
    43.326
  ],
  "Cambridge": [
    -118.470895,
    34.041327
  ],
  "Eugene": [
    -118.629413,
    34.157795
  ],
  "Evansville": [
    -87.5707,
    37.972965
  ],
  "Flint": [
    -118.67971,
    34.200832
  ],
  "Gainesville": [
    -82.32501,
    29.651949
  ],
  "Hartford": [
    -118.417548,
    34.082439
  ],
  "Hollywood": [
    -118.329544,
    34.10161
  ],
  "Huntsville": [
    -86.585304,
    34.729538
  ],
  "Jackson": [
    -118.60631,
    34.17698
  ],
  "Lansing": [
    -118.751229,
    34.257958
  ],
  "Providence": [
    -118.460771,
    34.23731
  ]
}